PassengerId,Survived,Age,SibSp,Parch,Fare,Sex_female,Sex_male,Pclass_1,Pclass_2,Pclass_3,Embarked_C,Embarked_Q,Embarked_S
1,0,22.0,1,0,-6.425550101832997,0,1,0,0,1,0,0,1
2,1,38.0,1,0,-12.871387499999926,1,0,1,0,0,1,0,0
3,1,26.0,0,0,-5.750550101832997,1,0,0,0,1,0,0,1
4,1,35.0,1,0,-31.054687499999922,1,0,1,0,0,0,0,1
5,0,35.0,0,0,-5.625550101832996,0,1,0,0,1,0,0,1
6,0,25.0,0,0,-5.217250101832997,0,1,0,0,1,0,1,0
7,0,54.0,0,0,-32.292187499999926,0,1,1,0,0,0,0,1
8,0,2.0,3,1,7.399449898167003,0,1,0,0,1,0,0,1
9,1,27.0,0,2,-2.5422501018329964,1,0,0,0,1,0,0,1
10,1,14.0,1,0,9.408616847826089,1,0,0,1,0,1,0,0
11,1,4.0,1,1,3.0244498981670027,1,0,0,0,1,0,0,1
12,1,58.0,0,0,-57.604687499999926,1,0,1,0,0,0,0,1
13,0,20.0,0,0,-5.625550101832996,0,1,0,0,1,0,0,1
14,0,39.0,1,5,17.599449898167002,0,1,0,0,1,0,0,1
15,0,14.0,0,0,-5.821350101832997,1,0,0,0,1,0,0,1
16,1,55.0,0,0,-4.66218315217391,1,0,0,1,0,0,0,1
17,0,2.0,4,1,15.449449898167003,0,1,0,0,1,0,1,0
18,1,30.0,0,0,-7.66218315217391,0,1,0,1,0,0,0,1
19,0,31.0,1,0,4.324449898167003,1,0,0,0,1,0,0,1
20,1,21.5,0,0,-6.450550101832997,1,0,0,0,1,1,0,0
21,0,35.0,0,0,5.33781684782609,0,1,0,1,0,0,0,1
22,1,34.0,0,0,-7.66218315217391,0,1,0,1,0,0,0,1
23,1,15.0,0,0,-5.646350101832997,1,0,0,0,1,0,1,0
24,1,28.0,0,0,-48.65468749999992,0,1,1,0,0,0,0,1
25,0,8.0,3,1,7.399449898167003,1,0,0,0,1,0,0,1
26,1,38.0,1,5,17.711949898167003,1,0,0,0,1,0,0,1
27,0,25.0,0,0,-6.450550101832997,0,1,0,0,1,1,0,0
28,0,19.0,3,2,178.8453125000001,0,1,1,0,0,0,0,1
29,1,21.5,0,0,-5.796350101832997,1,0,0,0,1,0,1,0
30,0,25.0,0,0,-5.779750101832996,0,1,0,0,1,0,0,1
31,0,40.0,0,0,-56.433887499999926,0,1,1,0,0,1,0,0
32,1,35.0,1,0,62.366112500000085,1,0,1,0,0,1,0,0
33,1,21.5,0,0,-5.925550101832997,1,0,0,0,1,0,1,0
34,0,66.0,0,0,-10.16218315217391,0,1,0,1,0,0,0,1
35,0,28.0,1,0,-1.9838874999999234,0,1,1,0,0,1,0,0
36,0,42.0,1,0,-32.15468749999992,0,1,1,0,0,0,0,1
37,1,25.0,0,0,-6.446350101832997,0,1,0,0,1,1,0,0
38,0,21.0,0,0,-5.625550101832996,0,1,0,0,1,0,0,1
39,0,18.0,2,0,4.324449898167003,1,0,0,0,1,0,0,1
40,1,14.0,1,0,-2.4338501018329968,1,0,0,0,1,1,0,0
41,0,40.0,1,0,-4.200550101832997,1,0,0,0,1,0,0,1
42,0,27.0,1,0,0.33781684782609034,1,0,0,1,0,0,0,1
43,0,25.0,0,0,-5.779750101832996,0,1,0,0,1,1,0,0
44,1,3.0,1,2,20.91701684782609,1,0,0,1,0,1,0,0
45,1,19.0,0,0,-5.796350101832997,1,0,0,0,1,0,1,0
46,0,25.0,0,0,-5.625550101832996,0,1,0,0,1,0,0,1
47,0,25.0,1,0,1.8244498981670034,0,1,0,0,1,0,1,0
48,1,21.5,0,0,-5.925550101832997,1,0,0,0,1,0,1,0
49,0,25.0,2,0,8.003649898167005,0,1,0,0,1,1,0,0
50,0,18.0,1,0,4.124449898167004,1,0,0,0,1,0,0,1
51,0,7.0,4,1,26.011949898167003,0,1,0,0,1,0,0,1
52,0,21.0,0,0,-5.875550101832997,0,1,0,0,1,0,0,1
53,1,49.0,1,0,-7.425487499999917,1,0,1,0,0,1,0,0
54,1,29.0,1,0,5.33781684782609,1,0,0,1,0,0,0,1
55,0,65.0,0,1,-22.175487499999925,0,1,1,0,0,1,0,0
56,1,40.0,0,0,-48.65468749999992,0,1,1,0,0,0,0,1
57,1,21.0,0,0,-10.16218315217391,1,0,0,1,0,0,0,1
58,0,28.5,0,0,-6.446350101832997,0,1,0,0,1,1,0,0
59,1,5.0,1,2,7.08781684782609,1,0,0,1,0,0,0,1
60,0,11.0,5,2,33.224449898167,0,1,0,0,1,0,0,1
61,0,22.0,0,0,-6.446350101832997,0,1,0,0,1,1,0,0
62,1,38.0,0,0,-4.154687499999923,1,0,1,0,0,0,0,0
63,0,45.0,1,0,-0.679687499999929,0,1,1,0,0,0,0,1
64,0,4.0,3,2,14.224449898167002,0,1,0,0,1,0,0,1
65,0,40.0,0,0,-56.433887499999926,0,1,1,0,0,1,0,0
66,1,25.0,1,1,1.5702498981670026,0,1,0,0,1,1,0,0
67,1,29.0,0,0,-10.16218315217391,1,0,0,1,0,0,0,1
68,0,19.0,0,0,-5.517250101832996,0,1,0,0,1,0,0,1
69,1,17.0,4,2,-5.750550101832997,1,0,0,0,1,0,0,1
70,0,26.0,2,0,-5.013050101832997,0,1,0,0,1,0,0,1
71,0,32.0,0,0,-10.16218315217391,0,1,0,1,0,0,0,1
72,0,16.0,5,2,33.224449898167,1,0,0,0,1,0,0,1
73,0,21.0,0,0,52.83781684782609,0,1,0,1,0,0,0,1
74,0,26.0,1,0,0.7786498981670036,0,1,0,0,1,1,0,0
75,1,32.0,0,0,42.820249898167006,0,1,0,0,1,0,0,1
76,0,25.0,0,0,-6.025550101832996,0,1,0,0,1,0,0,1
77,0,25.0,0,0,-5.779750101832996,0,1,0,0,1,0,0,1
78,0,25.0,0,0,-5.625550101832996,0,1,0,0,1,0,0,1
79,1,0.83,0,2,8.33781684782609,0,1,0,1,0,0,0,1
80,1,30.0,0,0,-1.200550101832997,1,0,0,0,1,0,0,1
81,0,22.0,0,0,-4.675550101832997,0,1,0,0,1,0,0,1
82,1,29.0,0,0,-4.175550101832997,0,1,0,0,1,0,0,1
83,1,21.5,0,0,-5.888050101832997,1,0,0,0,1,0,1,0
84,0,28.0,0,0,-37.05468749999992,0,1,1,0,0,0,0,1
85,1,17.0,0,0,-10.16218315217391,1,0,0,1,0,0,0,1
86,1,33.0,3,0,2.174449898167003,1,0,0,0,1,0,0,1
87,0,16.0,1,3,20.699449898167003,0,1,0,0,1,0,0,1
88,0,25.0,0,0,-5.625550101832996,0,1,0,0,1,0,0,1
89,1,23.0,3,2,178.8453125000001,1,0,1,0,0,0,0,1
90,0,24.0,0,0,-5.625550101832996,0,1,0,0,1,0,0,1
91,0,29.0,0,0,-5.625550101832996,0,1,0,0,1,0,0,1
92,0,20.0,0,0,-5.821350101832997,0,1,0,0,1,0,0,1
93,0,46.0,1,0,-22.979687499999926,0,1,1,0,0,0,0,1
94,0,26.0,1,2,6.899449898167003,0,1,0,0,1,0,0,1
95,0,59.0,0,0,-6.425550101832997,0,1,0,0,1,0,0,1
96,0,25.0,0,0,-5.625550101832996,0,1,0,0,1,0,0,1
97,0,71.0,0,0,-49.50048749999992,0,1,1,0,0,1,0,0
98,1,23.0,0,1,-20.796387499999923,0,1,1,0,0,1,0,0
99,1,34.0,0,1,2.3378168478260903,1,0,0,1,0,0,0,1
100,0,34.0,1,0,5.33781684782609,0,1,0,1,0,0,0,1
101,0,28.0,0,0,-5.779750101832996,1,0,0,0,1,0,0,1
102,0,25.0,0,0,-5.779750101832996,0,1,0,0,1,0,0,1
103,0,21.0,0,1,-6.867187499999929,0,1,1,0,0,0,0,1
104,0,33.0,0,0,-5.021350101832997,0,1,0,0,1,0,0,1
105,0,37.0,2,0,-5.750550101832997,0,1,0,0,1,0,0,1
106,0,28.0,0,0,-5.779750101832996,0,1,0,0,1,0,0,1
107,1,21.0,0,0,-6.025550101832996,1,0,0,0,1,0,0,1
108,1,25.0,0,0,-5.900550101832996,0,1,0,0,1,0,0,1
109,0,38.0,0,0,-5.779750101832996,0,1,0,0,1,0,0,1
110,1,21.5,1,0,10.474449898167002,1,0,0,0,1,0,1,0
111,0,47.0,0,0,-32.15468749999992,0,1,1,0,0,0,0,1
112,0,14.5,1,0,0.7786498981670036,1,0,0,0,1,1,0,0
113,0,22.0,0,0,-5.625550101832996,0,1,0,0,1,0,0,1
114,0,20.0,1,0,-3.8505501018329973,1,0,0,0,1,0,0,1
115,0,17.0,0,0,0.7827498981670029,1,0,0,0,1,1,0,0
116,0,21.0,0,0,-5.750550101832997,0,1,0,0,1,0,0,1
117,0,70.5,0,0,-5.925550101832997,0,1,0,0,1,0,1,0
118,0,29.0,1,0,0.33781684782609034,0,1,0,1,0,0,0,1
119,0,24.0,0,1,163.3661125000001,0,1,1,0,0,1,0,0
120,0,2.0,4,2,17.599449898167002,1,0,0,0,1,0,0,1
121,0,21.0,2,0,52.83781684782609,0,1,0,1,0,0,0,1
122,0,25.0,0,0,-5.625550101832996,0,1,0,0,1,0,0,1
123,0,32.5,1,0,9.408616847826089,0,1,0,1,0,1,0,0
124,1,32.5,0,0,-7.66218315217391,1,0,0,1,0,0,0,1
125,0,54.0,0,1,-6.867187499999929,0,1,1,0,0,0,0,1
126,1,12.0,1,0,-2.4338501018329968,0,1,0,0,1,1,0,0
127,0,25.0,0,0,-5.925550101832997,0,1,0,0,1,0,1,0
128,1,24.0,0,0,-6.533850101832996,0,1,0,0,1,0,0,1
129,1,21.5,1,1,8.682749898167003,1,0,0,0,1,1,0,0
130,0,45.0,0,0,-6.700550101832997,0,1,0,0,1,0,0,1
131,0,33.0,0,0,-5.779750101832996,0,1,0,0,1,1,0,0
132,0,20.0,0,0,-6.625550101832997,0,1,0,0,1,0,0,1
133,0,47.0,1,0,0.8244498981670034,1,0,0,0,1,0,0,1
134,1,29.0,1,0,5.33781684782609,1,0,0,1,0,0,0,1
135,0,25.0,0,0,-7.66218315217391,0,1,0,1,0,0,0,1
136,0,23.0,0,0,-5.61638315217391,0,1,0,1,0,1,0,0
137,1,19.0,0,2,-57.871387499999926,1,0,1,0,0,0,0,1
138,0,37.0,1,0,-31.054687499999922,0,1,1,0,0,0,0,1
139,0,16.0,0,0,-4.458850101832997,0,1,0,0,1,0,0,1
140,0,24.0,0,0,-4.95468749999992,0,1,1,0,0,1,0,0
141,0,21.5,0,2,1.5702498981670026,1,0,0,0,1,1,0,0
142,1,22.0,0,0,-5.925550101832997,1,0,0,0,1,0,0,1
143,1,24.0,1,0,2.174449898167003,1,0,0,0,1,0,0,1
144,0,19.0,0,0,-6.925550101832997,0,1,0,0,1,0,1,0
145,0,18.0,0,0,-9.16218315217391,0,1,0,1,0,0,0,1
146,0,19.0,1,1,16.08781684782609,0,1,0,1,0,0,0,1
147,1,27.0,0,0,-5.879750101832997,0,1,0,0,1,0,0,1
148,0,9.0,2,2,20.699449898167003,1,0,0,0,1,0,0,1
149,0,36.5,0,2,5.33781684782609,0,1,0,1,0,0,0,1
150,0,42.0,0,0,-7.66218315217391,0,1,0,1,0,0,0,1
151,0,51.0,0,0,-8.13718315217391,0,1,0,1,0,0,0,1
152,1,22.0,1,0,-17.55468749999993,1,0,1,0,0,0,0,1
153,0,55.5,0,0,-5.625550101832996,0,1,0,0,1,0,0,1
154,0,40.5,0,2,0.8244498981670034,0,1,0,0,1,0,0,1
155,0,25.0,0,0,-6.363050101832997,0,1,0,0,1,0,0,1
156,0,51.0,0,1,-22.775487499999926,0,1,1,0,0,1,0,0
157,1,16.0,0,0,-5.942250101832997,1,0,0,0,1,0,1,0
158,0,30.0,0,0,-5.625550101832996,0,1,0,0,1,0,0,1
159,0,25.0,0,0,-5.013050101832997,0,1,0,0,1,0,0,1
160,0,25.0,8,2,55.874449898167,0,1,0,0,1,0,0,1
161,0,44.0,0,1,2.424449898167005,0,1,0,0,1,0,0,1
162,1,40.0,0,0,-4.91218315217391,1,0,0,1,0,0,0,1
163,0,26.0,0,0,-5.900550101832996,0,1,0,0,1,0,0,1
164,0,17.0,0,0,-5.013050101832997,0,1,0,0,1,0,0,1
165,0,1.0,4,1,26.011949898167003,0,1,0,0,1,0,0,1
166,1,9.0,0,2,6.849449898167002,0,1,0,0,1,0,0,1
167,1,35.0,0,1,-29.154687499999923,1,0,1,0,0,0,0,1
168,0,45.0,1,4,14.224449898167002,1,0,0,0,1,0,0,1
169,0,40.0,0,0,-58.229687499999926,0,1,1,0,0,0,0,1
170,0,28.0,0,0,42.820249898167006,0,1,0,0,1,0,0,1
171,0,61.0,0,0,-50.65468749999992,0,1,1,0,0,0,0,1
172,0,4.0,4,1,15.449449898167003,0,1,0,0,1,0,1,0
173,1,1.0,1,1,-2.5422501018329964,1,0,0,0,1,0,0,1
174,0,21.0,0,0,-5.750550101832997,0,1,0,0,1,0,0,1
175,0,56.0,0,0,-53.458887499999925,0,1,1,0,0,1,0,0
176,0,18.0,1,1,-5.821350101832997,0,1,0,0,1,0,0,1
177,0,25.0,3,1,11.791149898167003,0,1,0,0,1,0,0,1
178,0,50.0,0,0,-55.442187499999925,1,0,1,0,0,1,0,0
179,0,30.0,0,0,-7.66218315217391,0,1,0,1,0,0,0,1
180,0,36.0,0,0,-13.675550101832997,0,1,0,0,1,0,0,1
181,0,21.5,8,2,55.874449898167,1,0,0,0,1,0,0,1
182,0,30.0,0,0,-5.612183152173909,0,1,0,1,0,1,0,0
183,0,9.0,4,2,17.711949898167003,0,1,0,0,1,0,0,1
184,1,1.0,2,1,18.33781684782609,0,1,0,1,0,0,0,1
185,1,4.0,0,2,8.349449898167002,1,0,0,0,1,0,0,1
186,0,40.0,0,0,-34.15468749999992,0,1,1,0,0,0,0,1
187,1,21.5,1,0,1.8244498981670034,1,0,0,0,1,0,1,0
188,1,45.0,0,0,-57.604687499999926,0,1,1,0,0,0,0,1
189,0,40.0,1,1,1.8244498981670034,0,1,0,0,1,0,1,0
190,0,36.0,0,0,-5.779750101832996,0,1,0,0,1,0,0,1
191,1,32.0,0,0,-7.66218315217391,1,0,0,1,0,0,0,1
192,0,19.0,0,0,-7.66218315217391,0,1,0,1,0,0,0,1
193,1,19.0,1,0,-5.821350101832997,1,0,0,0,1,0,0,1
194,1,3.0,1,1,5.33781684782609,0,1,0,1,0,0,0,1
195,1,44.0,0,0,-56.433887499999926,1,0,1,0,0,1,0,0
196,1,58.0,0,0,62.366112500000085,1,0,1,0,0,1,0,0
197,0,25.0,0,0,-5.925550101832997,0,1,0,0,1,0,1,0
198,0,42.0,0,1,-5.271350101832997,0,1,0,0,1,0,0,1
199,1,21.5,0,0,-5.925550101832997,1,0,0,0,1,0,1,0
200,0,24.0,0,0,-7.66218315217391,1,0,0,1,0,0,0,1
201,0,28.0,0,0,-4.175550101832997,0,1,0,0,1,0,0,1
202,0,25.0,8,2,55.874449898167,0,1,0,0,1,0,0,1
203,0,34.0,0,0,-7.179750101832997,0,1,0,0,1,0,0,1
204,0,45.5,0,0,-6.450550101832997,0,1,0,0,1,1,0,0
205,1,18.0,0,0,-5.625550101832996,0,1,0,0,1,0,0,1
206,0,2.0,0,1,-3.213050101832996,1,0,0,0,1,0,0,1
207,0,32.0,1,0,2.174449898167003,0,1,0,0,1,0,0,1
208,1,26.0,0,0,5.111949898167005,0,1,0,0,1,1,0,0
209,1,16.0,0,0,-5.925550101832997,1,0,0,0,1,0,1,0
210,1,40.0,0,0,-53.15468749999992,0,1,1,0,0,1,0,0
211,0,24.0,0,0,-6.625550101832997,0,1,0,0,1,0,0,1
212,1,35.0,0,0,0.33781684782609034,1,0,0,1,0,0,0,1
213,0,22.0,0,0,-6.425550101832997,0,1,0,0,1,0,0,1
214,0,30.0,0,0,-7.66218315217391,0,1,0,1,0,0,0,1
215,0,25.0,1,0,-5.925550101832997,0,1,0,0,1,0,1,0
216,1,31.0,1,0,29.120312500000082,1,0,1,0,0,1,0,0
217,1,27.0,0,0,-5.750550101832997,1,0,0,0,1,0,0,1
218,0,42.0,1,0,6.33781684782609,0,1,0,1,0,0,0,1
219,1,32.0,0,0,-7.862987499999917,1,0,1,0,0,1,0,0
220,0,30.0,0,0,-10.16218315217391,0,1,0,1,0,0,0,1
221,1,16.0,0,0,-5.625550101832996,0,1,0,0,1,0,0,1
222,0,27.0,0,0,-7.66218315217391,0,1,0,1,0,0,0,1
223,0,51.0,0,0,-5.625550101832996,0,1,0,0,1,0,0,1
224,0,25.0,0,0,-5.779750101832996,0,1,0,0,1,0,0,1
225,1,38.0,1,0,5.845312500000077,0,1,1,0,0,0,0,1
226,0,22.0,0,0,-4.325550101832997,0,1,0,0,1,0,0,1
227,1,19.0,0,0,-10.16218315217391,0,1,0,1,0,0,0,1
228,0,20.5,0,0,-6.425550101832997,0,1,0,0,1,0,0,1
229,0,18.0,0,0,-7.66218315217391,0,1,0,1,0,0,0,1
230,0,21.5,3,1,11.791149898167003,1,0,0,0,1,0,0,1
231,1,35.0,1,0,-0.679687499999929,1,0,1,0,0,0,0,1
232,0,29.0,0,0,-5.900550101832996,0,1,0,0,1,0,0,1
233,0,59.0,0,0,-7.16218315217391,0,1,0,1,0,0,0,1
234,1,5.0,4,2,17.711949898167003,1,0,0,0,1,0,0,1
235,0,24.0,0,0,-10.16218315217391,0,1,0,1,0,0,0,1
236,0,21.5,0,0,-6.125550101832997,1,0,0,0,1,0,0,1
237,0,44.0,1,0,5.33781684782609,0,1,0,1,0,0,0,1
238,1,8.0,0,2,5.58781684782609,1,0,0,1,0,0,0,1
239,0,19.0,0,0,-10.16218315217391,0,1,0,1,0,0,0,1
240,0,33.0,0,0,-8.38718315217391,0,1,0,1,0,0,0,1
241,0,21.5,1,0,0.7786498981670036,1,0,0,0,1,1,0,0
242,1,21.5,1,0,1.8244498981670034,1,0,0,0,1,0,1,0
243,0,29.0,0,0,-10.16218315217391,0,1,0,1,0,0,0,1
244,0,22.0,0,0,-6.550550101832997,0,1,0,0,1,0,0,1
245,0,30.0,0,0,-6.450550101832997,0,1,0,0,1,1,0,0
246,0,44.0,2,0,5.845312500000077,0,1,1,0,0,0,1,0
247,0,25.0,0,0,-5.900550101832996,1,0,0,0,1,0,0,1
248,1,24.0,0,2,-6.16218315217391,1,0,0,1,0,0,0,1
249,1,37.0,1,1,-31.60048749999992,0,1,1,0,0,0,0,1
250,0,54.0,1,0,5.33781684782609,0,1,0,1,0,0,0,1
251,0,25.0,0,0,-6.425550101832997,0,1,0,0,1,0,0,1
252,0,29.0,1,1,-3.213050101832996,1,0,0,0,1,0,0,1
253,0,62.0,0,0,-57.604687499999926,0,1,1,0,0,0,0,1
254,0,30.0,1,0,2.424449898167005,0,1,0,0,1,0,0,1
255,0,41.0,0,2,6.536949898167002,1,0,0,0,1,0,0,1
256,1,29.0,0,2,1.5702498981670026,1,0,0,0,1,1,0,0
257,1,35.0,0,0,-4.95468749999992,1,0,1,0,0,1,0,0
258,1,30.0,0,0,2.3453125000000767,1,0,1,0,0,0,0,1
259,1,35.0,0,0,428.1745125000001,1,0,1,0,0,1,0,0
260,1,50.0,0,1,5.33781684782609,1,0,0,1,0,0,0,1
261,0,25.0,0,0,-5.925550101832997,0,1,0,0,1,0,1,0
262,1,3.0,4,2,17.711949898167003,0,1,0,0,1,0,0,1
263,0,52.0,1,1,-4.504687499999918,0,1,1,0,0,0,0,1
264,0,40.0,0,0,-84.15468749999992,0,1,1,0,0,0,0,1
265,0,21.5,0,0,-5.925550101832997,1,0,0,0,1,0,1,0
266,0,36.0,0,0,-10.16218315217391,0,1,0,1,0,0,0,1
267,0,16.0,4,1,26.011949898167003,0,1,0,0,1,0,0,1
268,1,25.0,1,0,-5.900550101832996,0,1,0,0,1,0,0,1
269,1,58.0,0,1,69.30781250000008,1,0,1,0,0,0,0,1
270,1,35.0,0,0,51.47861250000007,1,0,1,0,0,0,0,1
271,0,40.0,0,0,-53.15468749999992,0,1,1,0,0,0,0,1
272,1,25.0,0,0,-13.675550101832997,0,1,0,0,1,0,0,1
273,1,41.0,0,1,-1.1621831521739097,1,0,0,1,0,0,0,1
274,0,37.0,0,1,-54.45468749999992,0,1,1,0,0,1,0,0
275,1,21.5,0,0,-5.925550101832997,1,0,0,0,1,0,1,0
276,1,63.0,1,0,-6.196387499999929,1,0,1,0,0,0,0,1
277,0,45.0,0,0,-5.925550101832997,1,0,0,0,1,0,0,1
278,0,30.0,0,0,-20.66218315217391,0,1,0,1,0,0,0,1
279,0,7.0,4,1,15.449449898167003,0,1,0,0,1,0,1,0
280,1,35.0,1,1,6.574449898167003,1,0,0,0,1,0,0,1
281,0,65.0,0,0,-5.925550101832997,0,1,0,0,1,0,1,0
282,0,28.0,0,0,-5.821350101832997,0,1,0,0,1,0,0,1
283,0,16.0,0,0,-4.175550101832997,0,1,0,0,1,0,0,1
284,1,19.0,0,0,-5.625550101832996,0,1,0,0,1,0,0,1
285,0,40.0,0,0,-58.15468749999992,0,1,1,0,0,0,0,1
286,0,33.0,0,0,-5.013050101832997,0,1,0,0,1,1,0,0
287,1,30.0,0,0,-4.175550101832997,0,1,0,0,1,0,0,1
288,0,22.0,0,0,-5.779750101832996,0,1,0,0,1,0,0,1
289,1,42.0,0,0,-7.66218315217391,0,1,0,1,0,0,0,1
290,1,22.0,0,0,-5.925550101832997,1,0,0,0,1,0,1,0
291,1,26.0,0,0,-5.304687499999929,1,0,1,0,0,0,0,1
292,1,19.0,1,0,6.924512500000077,1,0,1,0,0,1,0,0
293,0,36.0,0,0,-7.78718315217391,0,1,0,1,0,1,0,0
294,0,24.0,0,0,-4.825550101832997,1,0,0,0,1,0,0,1
295,0,24.0,0,0,-5.779750101832996,0,1,0,0,1,0,0,1
296,0,40.0,0,0,-56.433887499999926,0,1,1,0,0,1,0,0
297,0,23.5,0,0,-6.446350101832997,0,1,0,0,1,1,0,0
298,0,2.0,1,2,67.39531250000009,1,0,1,0,0,0,0,1
299,1,40.0,0,0,-53.65468749999992,0,1,1,0,0,0,0,1
300,1,50.0,0,1,163.3661125000001,1,0,1,0,0,1,0,0
301,1,21.5,0,0,-5.925550101832997,1,0,0,0,1,0,1,0
302,1,25.0,2,0,9.574449898167003,0,1,0,0,1,0,1,0
303,0,19.0,0,0,-13.675550101832997,0,1,0,0,1,0,0,1
304,1,28.0,0,0,-8.31218315217391,1,0,0,1,0,0,1,0
305,0,25.0,0,0,-5.625550101832996,0,1,0,0,1,0,0,1
306,1,0.92,1,2,67.39531250000009,0,1,1,0,0,0,0,1
307,1,35.0,0,0,26.728612500000082,1,0,1,0,0,1,0,0
308,1,17.0,1,0,24.745312500000082,1,0,1,0,0,1,0,0
309,0,30.0,1,0,3.3378168478260903,0,1,0,1,0,1,0,0
310,1,30.0,0,0,-27.22548749999992,1,0,1,0,0,1,0,0
311,1,24.0,0,0,-0.9963874999999263,1,0,1,0,0,1,0,0
312,1,18.0,2,2,178.2203125000001,1,0,1,0,0,1,0,0
313,0,26.0,1,1,5.33781684782609,1,0,0,1,0,0,0,1
314,0,28.0,0,0,-5.779750101832996,0,1,0,0,1,0,0,1
315,0,43.0,1,1,5.58781684782609,0,1,0,1,0,0,0,1
316,1,26.0,0,0,-5.821350101832997,1,0,0,0,1,0,0,1
317,1,24.0,1,0,5.33781684782609,1,0,0,1,0,0,0,1
318,0,54.0,0,0,-6.66218315217391,0,1,0,1,0,0,0,1
319,1,31.0,0,2,80.71201250000009,1,0,1,0,0,0,0,1
320,1,40.0,1,1,50.34531250000008,1,0,1,0,0,1,0,0
321,0,22.0,0,0,-6.425550101832997,0,1,0,0,1,0,0,1
322,0,27.0,0,0,-5.779750101832996,0,1,0,0,1,0,0,1
323,1,30.0,0,0,-8.31218315217391,1,0,0,1,0,0,1,0
324,1,22.0,1,1,8.33781684782609,1,0,0,1,0,0,0,1
325,0,25.0,8,2,55.874449898167,0,1,0,0,1,0,0,1
326,1,36.0,0,0,51.47861250000007,1,0,1,0,0,1,0,0
327,0,61.0,0,0,-7.438050101832997,0,1,0,0,1,0,0,1
328,1,36.0,0,0,-7.66218315217391,1,0,0,1,0,0,0,1
329,1,31.0,1,1,6.849449898167002,1,0,0,0,1,0,0,1
330,1,16.0,0,1,-26.175487499999925,1,0,1,0,0,1,0,0
331,1,21.5,2,0,9.574449898167003,1,0,0,0,1,0,1,0
332,0,45.5,0,0,-55.65468749999992,0,1,1,0,0,0,0,1
333,0,38.0,0,1,69.30781250000008,0,1,1,0,0,0,0,1
334,0,16.0,2,0,4.324449898167003,0,1,0,0,1,0,0,1
335,1,35.0,1,0,49.49531250000008,1,0,1,0,0,0,0,1
336,0,25.0,0,0,-5.779750101832996,0,1,0,0,1,0,0,1
337,0,29.0,1,0,-17.55468749999993,0,1,1,0,0,0,0,1
338,1,41.0,0,0,50.34531250000008,1,0,1,0,0,1,0,0
339,1,45.0,0,0,-5.625550101832996,0,1,0,0,1,0,0,1
340,0,45.0,0,0,-48.65468749999992,0,1,1,0,0,0,0,1
341,1,2.0,1,1,5.33781684782609,0,1,0,1,0,0,0,1
342,1,24.0,3,2,178.8453125000001,1,0,1,0,0,0,0,1
343,0,28.0,0,0,-7.66218315217391,0,1,0,1,0,0,0,1
344,0,25.0,0,0,-7.66218315217391,0,1,0,1,0,0,0,1
345,0,36.0,0,0,-7.66218315217391,0,1,0,1,0,0,0,1
346,1,24.0,0,0,-7.66218315217391,1,0,0,1,0,0,0,1
347,1,40.0,0,0,-7.66218315217391,1,0,0,1,0,0,0,1
348,1,21.5,1,0,2.424449898167005,1,0,0,0,1,0,0,1
349,1,3.0,1,1,2.224449898167004,0,1,0,0,1,0,0,1
350,0,42.0,0,0,-5.013050101832997,0,1,0,0,1,0,0,1
351,0,23.0,0,0,-4.450550101832997,0,1,0,0,1,0,0,1
352,0,40.0,0,0,-49.15468749999992,0,1,1,0,0,0,0,1
353,0,15.0,1,1,-6.446350101832997,0,1,0,0,1,1,0,0
354,0,25.0,1,0,4.124449898167004,0,1,0,0,1,0,0,1
355,0,25.0,0,0,-6.450550101832997,0,1,0,0,1,1,0,0
356,0,28.0,0,0,-4.175550101832997,0,1,0,0,1,0,0,1
357,1,22.0,0,1,-29.154687499999923,1,0,1,0,0,0,0,1
358,0,38.0,0,0,-7.66218315217391,1,0,0,1,0,0,0,1
359,1,21.5,0,0,-5.796350101832997,1,0,0,0,1,0,1,0
360,1,21.5,0,0,-5.796350101832997,1,0,0,0,1,0,1,0
361,0,40.0,1,4,14.224449898167002,0,1,0,0,1,0,0,1
362,0,29.0,1,0,7.058616847826091,0,1,0,1,0,1,0,0
363,0,45.0,0,1,0.7786498981670036,1,0,0,0,1,1,0,0
364,0,35.0,0,0,-6.625550101832997,0,1,0,0,1,0,0,1
365,0,25.0,1,0,1.8244498981670034,0,1,0,0,1,0,1,0
366,0,30.0,0,0,-6.425550101832997,0,1,0,0,1,0,0,1
367,1,60.0,1,0,-8.904687499999923,1,0,1,0,0,1,0,0
368,1,21.5,0,0,-6.446350101832997,1,0,0,0,1,1,0,0
369,1,21.5,0,0,-5.925550101832997,1,0,0,0,1,0,1,0
370,1,24.0,0,0,-14.854687499999926,1,0,1,0,0,1,0,0
371,1,25.0,1,0,-28.712987499999926,0,1,1,0,0,1,0,0
372,0,18.0,1,0,-7.179750101832997,0,1,0,0,1,0,0,1
373,0,19.0,0,0,-5.625550101832996,0,1,0,0,1,0,0,1
374,0,22.0,0,0,51.47861250000007,0,1,1,0,0,1,0,0
375,0,3.0,3,1,7.399449898167003,1,0,0,0,1,0,0,1
376,1,35.0,1,0,-1.9838874999999234,1,0,1,0,0,1,0,0
377,1,22.0,0,0,-6.425550101832997,1,0,0,0,1,0,0,1
378,0,27.0,0,2,127.34531250000008,0,1,1,0,0,1,0,0
379,0,20.0,0,0,-9.663050101832997,0,1,0,0,1,1,0,0
380,0,19.0,0,0,-5.900550101832996,0,1,0,0,1,0,0,1
381,1,42.0,0,0,143.37031250000007,1,0,1,0,0,1,0,0
382,1,1.0,0,2,2.0661498981670032,1,0,0,0,1,1,0,0
383,0,32.0,0,0,-5.750550101832997,0,1,0,0,1,0,0,1
384,1,35.0,1,0,-32.15468749999992,1,0,1,0,0,0,0,1
385,0,25.0,0,0,-5.779750101832996,0,1,0,0,1,0,0,1
386,0,18.0,0,0,52.83781684782609,0,1,0,1,0,0,0,1
387,0,1.0,5,2,33.224449898167,0,1,0,0,1,0,0,1
388,1,36.0,0,0,-7.66218315217391,1,0,0,1,0,0,0,1
389,0,25.0,0,0,-5.946350101832997,0,1,0,0,1,0,1,0
390,1,17.0,0,0,-8.66218315217391,1,0,0,1,0,1,0,0
391,1,36.0,1,2,35.84531250000008,0,1,1,0,0,0,0,1
392,1,21.0,0,0,-5.879750101832997,0,1,0,0,1,0,0,1
393,0,28.0,2,0,-5.750550101832997,0,1,0,0,1,0,0,1
394,1,23.0,1,0,29.120312500000082,1,0,1,0,0,1,0,0
395,1,24.0,0,2,3.0244498981670027,1,0,0,0,1,0,0,1
396,0,22.0,0,0,-5.879750101832997,0,1,0,0,1,0,0,1
397,0,31.0,0,0,-5.821350101832997,1,0,0,0,1,0,0,1
398,0,46.0,0,0,5.33781684782609,0,1,0,1,0,0,0,1
399,0,23.0,0,0,-10.16218315217391,0,1,0,1,0,0,0,1
400,1,28.0,0,0,-8.01218315217391,1,0,0,1,0,0,0,1
401,1,39.0,0,0,-5.750550101832997,0,1,0,0,1,0,0,1
402,0,26.0,0,0,-5.625550101832996,0,1,0,0,1,0,0,1
403,0,21.0,1,0,-3.8505501018329973,1,0,0,0,1,0,0,1
404,0,28.0,1,0,2.174449898167003,0,1,0,0,1,0,0,1
405,0,20.0,0,0,-5.013050101832997,1,0,0,0,1,0,0,1
406,0,34.0,1,0,0.33781684782609034,0,1,0,1,0,0,0,1
407,0,51.0,0,0,-5.925550101832997,0,1,0,0,1,0,0,1
408,1,3.0,1,1,-1.9121831521739097,0,1,0,1,0,0,0,1
409,0,21.0,0,0,-5.900550101832996,0,1,0,0,1,0,0,1
410,0,21.5,3,1,11.791149898167003,1,0,0,0,1,0,0,1
411,0,25.0,0,0,-5.779750101832996,0,1,0,0,1,0,0,1
412,0,25.0,0,0,-6.817250101832997,0,1,0,0,1,0,1,0
413,1,33.0,1,0,5.845312500000077,1,0,1,0,0,0,1,0
414,0,30.0,0,0,-20.66218315217391,0,1,0,1,0,0,0,1
415,1,44.0,0,0,-5.750550101832997,0,1,0,0,1,0,0,1
416,0,21.5,0,0,-5.625550101832996,1,0,0,0,1,0,0,1
417,1,34.0,1,1,11.83781684782609,1,0,0,1,0,0,0,1
418,1,18.0,0,2,-7.66218315217391,1,0,0,1,0,0,0,1
419,0,30.0,0,0,-7.66218315217391,0,1,0,1,0,0,0,1
420,0,10.0,0,2,10.474449898167002,1,0,0,0,1,0,0,1
421,0,25.0,0,0,-5.779750101832996,0,1,0,0,1,1,0,0
422,0,21.0,0,0,-5.942250101832997,0,1,0,0,1,0,1,0
423,0,29.0,0,0,-5.800550101832997,0,1,0,0,1,0,0,1
424,0,28.0,1,1,0.7244498981670038,1,0,0,0,1,0,0,1
425,0,18.0,1,1,6.536949898167002,0,1,0,0,1,0,0,1
426,0,25.0,0,0,-6.425550101832997,0,1,0,0,1,0,0,1
427,1,28.0,1,0,5.33781684782609,1,0,0,1,0,0,0,1
428,1,19.0,0,0,5.33781684782609,1,0,0,1,0,0,0,1
429,0,25.0,0,0,-5.925550101832997,0,1,0,0,1,0,1,0
430,1,32.0,0,0,-5.625550101832996,0,1,0,0,1,0,0,1
431,1,28.0,0,0,-57.604687499999926,0,1,1,0,0,0,0,1
432,1,21.5,1,0,2.424449898167005,1,0,0,0,1,0,0,1
433,1,42.0,1,0,5.33781684782609,1,0,0,1,0,0,0,1
434,0,17.0,0,0,-6.550550101832997,0,1,0,0,1,0,0,1
435,0,50.0,1,0,-28.254687499999925,0,1,1,0,0,0,0,1
436,1,14.0,1,2,35.84531250000008,1,0,1,0,0,0,0,1
437,0,21.0,2,2,20.699449898167003,1,0,0,0,1,0,0,1
438,1,24.0,2,3,-1.9121831521739097,1,0,0,1,0,0,0,1
439,0,64.0,1,4,178.8453125000001,0,1,1,0,0,0,0,1
440,0,31.0,0,0,-10.16218315217391,0,1,0,1,0,0,0,1
441,1,45.0,1,1,5.58781684782609,1,0,0,1,0,0,0,1
442,0,20.0,0,0,-4.175550101832997,0,1,0,0,1,0,0,1
443,0,25.0,1,0,-5.900550101832996,0,1,0,0,1,0,0,1
444,1,28.0,0,0,-7.66218315217391,1,0,0,1,0,0,0,1
445,1,25.0,0,0,-5.563050101832996,0,1,0,0,1,0,0,1
446,1,4.0,0,2,-2.2963874999999234,0,1,1,0,0,0,0,1
447,1,13.0,0,1,-1.1621831521739097,1,0,0,1,0,0,0,1
448,1,34.0,0,0,-57.604687499999926,0,1,1,0,0,0,0,1
449,1,5.0,2,1,5.582749898167002,1,0,0,0,1,1,0,0
450,1,52.0,0,0,-53.65468749999992,0,1,1,0,0,0,0,1
451,0,36.0,1,2,7.08781684782609,0,1,0,1,0,0,0,1
452,0,25.0,1,0,6.291149898167003,0,1,0,0,1,0,0,1
453,0,30.0,0,0,-56.40468749999992,0,1,1,0,0,1,0,0
454,1,49.0,1,0,4.949512500000083,0,1,1,0,0,1,0,0
455,0,25.0,0,0,-5.625550101832996,0,1,0,0,1,0,0,1
456,1,29.0,0,0,-5.779750101832996,0,1,0,0,1,1,0,0
457,0,65.0,0,0,-57.604687499999926,0,1,1,0,0,0,0,1
458,1,35.0,1,0,-32.292187499999926,1,0,1,0,0,0,0,1
459,1,50.0,0,0,-10.16218315217391,1,0,0,1,0,0,0,1
460,0,25.0,0,0,-5.925550101832997,0,1,0,0,1,0,1,0
461,1,48.0,0,0,-57.604687499999926,0,1,1,0,0,0,0,1
462,0,34.0,0,0,-5.625550101832996,0,1,0,0,1,0,0,1
463,0,47.0,0,0,-45.65468749999992,0,1,1,0,0,0,0,1
464,0,48.0,0,0,-7.66218315217391,0,1,0,1,0,0,0,1
465,0,25.0,0,0,-5.625550101832996,0,1,0,0,1,0,0,1
466,0,38.0,0,0,-6.625550101832997,0,1,0,0,1,0,0,1
467,0,30.0,0,0,-20.66218315217391,0,1,0,1,0,0,0,1
468,0,56.0,0,0,-57.604687499999926,0,1,1,0,0,0,0,1
469,0,25.0,0,0,-5.950550101832997,0,1,0,0,1,0,1,0
470,1,0.75,2,1,5.582749898167002,1,0,0,0,1,1,0,0
471,0,25.0,0,0,-6.425550101832997,0,1,0,0,1,0,0,1
472,0,38.0,0,0,-5.013050101832997,0,1,0,0,1,0,0,1
473,1,33.0,1,2,7.08781684782609,1,0,0,1,0,0,0,1
474,1,23.0,0,0,-6.870483152173909,1,0,0,1,0,1,0,0
475,0,22.0,0,0,-3.838050101832996,1,0,0,0,1,0,0,1
476,0,40.0,0,0,-32.15468749999992,0,1,1,0,0,0,0,1
477,0,34.0,1,0,0.33781684782609034,0,1,0,1,0,0,0,1
478,0,29.0,1,0,-6.629750101832997,0,1,0,0,1,0,0,1
479,0,22.0,0,0,-6.154750101832996,0,1,0,0,1,0,0,1
480,1,2.0,0,1,-1.388050101832997,1,0,0,0,1,0,0,1
481,0,9.0,5,2,33.224449898167,0,1,0,0,1,0,0,1
482,0,30.0,0,0,-20.66218315217391,0,1,0,1,0,0,0,1
483,0,50.0,0,0,-5.625550101832996,0,1,0,0,1,0,0,1
484,1,63.0,0,0,-4.088050101832996,1,0,0,0,1,0,0,1
485,1,25.0,1,0,6.924512500000077,0,1,1,0,0,1,0,0
486,0,21.5,3,1,11.791149898167003,1,0,0,0,1,0,0,1
487,1,35.0,1,0,5.845312500000077,1,0,1,0,0,0,0,1
488,0,58.0,0,0,-54.45468749999992,0,1,1,0,0,1,0,0
489,0,30.0,0,0,-5.625550101832996,0,1,0,0,1,0,0,1
490,1,9.0,1,1,2.224449898167004,0,1,0,0,1,0,0,1
491,0,25.0,1,0,6.291149898167003,0,1,0,0,1,0,0,1
492,0,21.0,0,0,-6.425550101832997,0,1,0,0,1,0,0,1
493,0,55.0,0,0,-53.65468749999992,0,1,1,0,0,0,0,1
494,0,71.0,0,0,-34.650487499999926,0,1,1,0,0,1,0,0
495,0,21.0,0,0,-5.625550101832996,0,1,0,0,1,0,0,1
496,0,25.0,0,0,0.7827498981670029,0,1,0,0,1,1,0,0
497,1,54.0,1,0,-5.887987499999923,1,0,1,0,0,1,0,0
498,0,25.0,0,0,1.424449898167003,0,1,0,0,1,0,0,1
499,0,25.0,1,2,67.39531250000009,1,0,1,0,0,0,0,1
500,0,24.0,0,0,-5.879750101832997,0,1,0,0,1,0,0,1
501,0,17.0,0,0,-5.013050101832997,0,1,0,0,1,0,0,1
502,0,21.0,0,0,-5.925550101832997,1,0,0,0,1,0,1,0
503,0,21.5,0,0,-6.046350101832997,1,0,0,0,1,0,1,0
504,0,37.0,0,0,-4.088050101832996,1,0,0,0,1,0,0,1
505,1,16.0,0,0,2.3453125000000767,1,0,1,0,0,0,0,1
506,0,18.0,1,0,24.745312500000082,0,1,1,0,0,1,0,0
507,1,33.0,0,2,5.33781684782609,1,0,0,1,0,0,0,1
508,1,40.0,0,0,-57.604687499999926,0,1,1,0,0,0,0,1
509,0,28.0,0,0,8.849449898167002,0,1,0,0,1,0,0,1
510,1,26.0,0,0,42.820249898167006,0,1,0,0,1,0,0,1
511,1,29.0,0,0,-5.925550101832997,0,1,0,0,1,0,1,0
512,0,25.0,0,0,-5.625550101832996,0,1,0,0,1,0,0,1
513,1,36.0,0,0,-57.86718749999992,0,1,1,0,0,0,0,1
514,1,54.0,1,0,-24.754687499999925,1,0,1,0,0,1,0,0
515,0,24.0,0,0,-6.179750101832997,0,1,0,0,1,0,0,1
516,0,47.0,0,0,-50.13388749999992,0,1,1,0,0,0,0,1
517,1,34.0,0,0,-10.16218315217391,1,0,0,1,0,0,0,1
518,0,25.0,0,0,10.474449898167002,0,1,0,0,1,0,1,0
519,1,36.0,1,0,5.33781684782609,1,0,0,1,0,0,0,1
520,0,32.0,0,0,-5.779750101832996,0,1,0,0,1,0,0,1
521,1,30.0,0,0,9.345312500000077,1,0,1,0,0,0,0,1
522,0,22.0,0,0,-5.779750101832996,0,1,0,0,1,0,0,1
523,0,25.0,0,0,-6.450550101832997,0,1,0,0,1,1,0,0
524,1,44.0,0,1,-26.175487499999925,1,0,1,0,0,1,0,0
525,0,25.0,0,0,-6.446350101832997,0,1,0,0,1,1,0,0
526,0,40.5,0,0,-5.925550101832997,0,1,0,0,1,0,1,0
527,1,50.0,0,0,-10.16218315217391,1,0,0,1,0,0,0,1
528,0,40.0,0,0,137.6245125000001,0,1,1,0,0,0,0,1
529,0,39.0,0,0,-5.750550101832997,0,1,0,0,1,0,0,1
530,0,23.0,2,1,-9.16218315217391,0,1,0,1,0,0,0,1
531,1,2.0,1,1,5.33781684782609,1,0,0,1,0,0,0,1
532,0,25.0,0,0,-6.446350101832997,0,1,0,0,1,1,0,0
533,0,17.0,1,1,-6.446350101832997,0,1,0,0,1,1,0,0
534,1,21.5,0,2,8.682749898167003,1,0,0,0,1,1,0,0
535,0,30.0,0,0,-5.013050101832997,1,0,0,0,1,0,0,1
536,1,7.0,0,2,5.58781684782609,1,0,0,1,0,0,0,1
537,0,45.0,0,0,-57.604687499999926,0,1,1,0,0,0,0,1
538,1,30.0,0,0,22.270312500000074,1,0,1,0,0,1,0,0
539,0,25.0,0,0,0.8244498981670034,0,1,0,0,1,0,0,1
540,1,22.0,0,2,-34.65468749999992,1,0,1,0,0,1,0,0
541,1,36.0,0,2,-13.154687499999923,1,0,1,0,0,0,0,1
542,0,9.0,4,2,17.599449898167002,1,0,0,0,1,0,0,1
543,0,11.0,4,2,17.599449898167002,1,0,0,0,1,0,0,1
544,1,32.0,1,0,5.33781684782609,0,1,0,1,0,0,0,1
545,0,50.0,1,0,22.270312500000074,0,1,1,0,0,1,0,0
546,0,64.0,0,0,-58.15468749999992,0,1,1,0,0,0,0,1
547,1,19.0,1,0,5.33781684782609,1,0,0,1,0,0,0,1
548,1,30.0,0,0,-6.799683152173909,0,1,0,1,0,1,0,0
549,0,33.0,1,1,6.849449898167002,0,1,0,0,1,0,0,1
550,1,8.0,1,1,16.08781684782609,0,1,0,1,0,0,0,1
551,1,17.0,0,2,26.728612500000082,0,1,1,0,0,1,0,0
552,0,27.0,0,0,5.33781684782609,0,1,0,1,0,0,0,1
553,0,25.0,0,0,-5.846350101832996,0,1,0,0,1,0,1,0
554,1,22.0,0,0,-6.450550101832997,0,1,0,0,1,1,0,0
555,1,22.0,0,0,-5.900550101832996,1,0,0,0,1,0,0,1
556,0,62.0,0,0,-57.604687499999926,0,1,1,0,0,0,0,1
557,1,48.0,1,0,-44.55468749999992,1,0,1,0,0,1,0,0
558,0,40.0,0,0,143.37031250000007,0,1,1,0,0,1,0,0
559,1,39.0,1,1,-4.504687499999918,1,0,1,0,0,0,0,1
560,1,36.0,1,0,3.724449898167002,1,0,0,0,1,0,0,1
561,0,25.0,0,0,-5.925550101832997,0,1,0,0,1,0,1,0
562,0,40.0,0,0,-5.779750101832996,0,1,0,0,1,0,0,1
563,0,28.0,0,0,-7.16218315217391,0,1,0,1,0,0,0,1
564,0,25.0,0,0,-5.625550101832996,0,1,0,0,1,0,0,1
565,0,21.5,0,0,-5.625550101832996,1,0,0,0,1,0,0,1
566,0,24.0,2,0,10.474449898167002,0,1,0,0,1,0,0,1
567,0,19.0,0,0,-5.779750101832996,0,1,0,0,1,0,0,1
568,0,29.0,0,4,7.399449898167003,1,0,0,0,1,0,0,1
569,0,25.0,0,0,-6.446350101832997,0,1,0,0,1,1,0,0
570,1,32.0,0,0,-5.821350101832997,0,1,0,0,1,0,0,1
571,1,62.0,0,0,-10.16218315217391,0,1,0,1,0,0,0,1
572,1,53.0,2,0,-32.675487499999925,1,0,1,0,0,0,0,1
573,1,36.0,0,0,-57.76718749999992,0,1,1,0,0,0,0,1
574,1,21.5,0,0,-5.925550101832997,1,0,0,0,1,0,1,0
575,0,16.0,0,0,-5.625550101832996,0,1,0,0,1,0,0,1
576,0,19.0,0,0,0.8244498981670034,0,1,0,0,1,0,0,1
577,1,34.0,0,0,-7.66218315217391,1,0,0,1,0,0,0,1
578,1,39.0,1,0,-28.254687499999925,1,0,1,0,0,0,0,1
579,0,21.5,1,0,0.7827498981670029,1,0,0,0,1,1,0,0
580,1,32.0,0,0,-5.750550101832997,0,1,0,0,1,0,0,1
581,1,25.0,1,1,9.33781684782609,1,0,0,1,0,0,0,1
582,1,39.0,1,1,26.728612500000082,1,0,1,0,0,1,0,0
583,0,54.0,0,0,5.33781684782609,0,1,0,1,0,0,0,1
584,0,36.0,0,0,-44.02968749999992,0,1,1,0,0,1,0,0
585,0,25.0,0,0,-4.963050101832996,0,1,0,0,1,1,0,0
586,1,18.0,0,2,-4.504687499999918,1,0,1,0,0,0,0,1
587,0,47.0,0,0,-5.66218315217391,0,1,0,1,0,0,0,1
588,1,60.0,1,1,-4.95468749999992,0,1,1,0,0,1,0,0
589,0,22.0,0,0,-5.625550101832996,0,1,0,0,1,0,0,1
590,0,25.0,0,0,-5.625550101832996,0,1,0,0,1,0,0,1
591,0,35.0,0,0,-6.550550101832997,0,1,0,0,1,0,0,1
592,1,52.0,1,0,-5.887987499999923,1,0,1,0,0,1,0,0
593,0,47.0,0,0,-6.425550101832997,0,1,0,0,1,0,0,1
594,0,21.5,0,2,-5.925550101832997,1,0,0,0,1,0,1,0
595,0,37.0,1,0,5.33781684782609,0,1,0,1,0,0,0,1
596,0,36.0,1,1,10.474449898167002,0,1,0,0,1,0,0,1
597,1,28.0,0,0,12.33781684782609,1,0,0,1,0,0,0,1
598,0,49.0,0,0,-13.675550101832997,0,1,0,0,1,0,0,1
599,0,25.0,0,0,-6.450550101832997,0,1,0,0,1,1,0,0
600,1,49.0,1,0,-27.22548749999992,0,1,1,0,0,1,0,0
601,1,24.0,2,1,6.33781684782609,1,0,0,1,0,0,0,1
602,0,25.0,0,0,-5.779750101832996,0,1,0,0,1,0,0,1
603,0,40.0,0,0,-41.754687499999925,0,1,1,0,0,0,0,1
604,0,44.0,0,0,-5.625550101832996,0,1,0,0,1,0,0,1
605,1,35.0,0,0,-57.604687499999926,0,1,1,0,0,1,0,0
606,0,36.0,1,0,1.8744498981670041,0,1,0,0,1,0,0,1
607,0,30.0,0,0,-5.779750101832996,0,1,0,0,1,0,0,1
608,1,27.0,0,0,-53.65468749999992,0,1,1,0,0,0,0,1
609,1,22.0,1,2,20.91701684782609,1,0,0,1,0,1,0,0
610,1,40.0,0,0,69.30781250000008,1,0,1,0,0,0,0,1
611,0,39.0,1,5,17.599449898167002,1,0,0,0,1,0,0,1
612,0,25.0,0,0,-6.625550101832997,0,1,0,0,1,0,0,1
613,1,21.5,1,0,1.8244498981670034,1,0,0,0,1,0,1,0
614,0,25.0,0,0,-5.925550101832997,0,1,0,0,1,0,1,0
615,0,35.0,0,0,-5.625550101832996,0,1,0,0,1,0,0,1
616,1,24.0,1,2,44.33781684782609,1,0,0,1,0,0,0,1
617,0,34.0,1,1,0.7244498981670038,0,1,0,0,1,0,0,1
618,0,26.0,1,0,2.424449898167005,1,0,0,0,1,0,0,1
619,1,4.0,2,1,18.33781684782609,1,0,0,1,0,0,0,1
620,0,26.0,0,0,-10.16218315217391,0,1,0,1,0,0,0,1
621,0,27.0,1,0,0.7786498981670036,0,1,0,0,1,1,0,0
622,1,42.0,1,0,-31.60048749999992,0,1,1,0,0,0,0,1
623,1,20.0,1,1,2.0661498981670032,0,1,0,0,1,1,0,0
624,0,21.0,0,0,-5.821350101832997,0,1,0,0,1,0,0,1
625,0,21.0,0,0,2.424449898167005,0,1,0,0,1,0,0,1
626,0,61.0,0,0,-51.833887499999925,0,1,1,0,0,0,0,1
627,0,57.0,0,0,-8.31218315217391,0,1,0,1,0,0,1,0
628,1,21.0,0,0,-6.196387499999929,1,0,1,0,0,0,0,1
629,0,26.0,0,0,-5.779750101832996,0,1,0,0,1,0,0,1
630,0,25.0,0,0,-5.942250101832997,0,1,0,0,1,0,1,0
631,1,80.0,0,0,-54.15468749999992,0,1,1,0,0,0,0,1
632,0,51.0,0,0,-6.621350101832997,0,1,0,0,1,0,0,1
633,1,32.0,0,0,-53.65468749999992,0,1,1,0,0,1,0,0
634,0,40.0,0,0,-84.15468749999992,0,1,1,0,0,0,0,1
635,0,9.0,3,2,14.224449898167002,1,0,0,0,1,0,0,1
636,1,28.0,0,0,-7.66218315217391,1,0,0,1,0,0,0,1
637,0,32.0,0,0,-5.750550101832997,0,1,0,0,1,0,0,1
638,0,31.0,1,1,5.58781684782609,0,1,0,1,0,0,0,1
639,0,41.0,0,5,26.011949898167003,1,0,0,0,1,0,0,1
640,0,25.0,1,0,2.424449898167005,0,1,0,0,1,0,0,1
641,0,20.0,0,0,-5.821350101832997,0,1,0,0,1,0,0,1
642,1,24.0,0,0,-14.854687499999926,1,0,1,0,0,1,0,0
643,0,2.0,3,2,14.224449898167002,1,0,0,0,1,0,0,1
644,1,25.0,0,0,42.820249898167006,0,1,0,0,1,0,0,1
645,1,0.75,2,1,5.582749898167002,1,0,0,0,1,1,0,0
646,1,48.0,1,0,-7.425487499999917,0,1,1,0,0,1,0,0
647,0,19.0,0,0,-5.779750101832996,0,1,0,0,1,0,0,1
648,1,56.0,0,0,-48.65468749999992,0,1,1,0,0,1,0,0
649,0,25.0,0,0,-6.125550101832997,0,1,0,0,1,0,0,1
650,1,23.0,0,0,-6.125550101832997,1,0,0,0,1,0,0,1
651,0,25.0,0,0,-5.779750101832996,0,1,0,0,1,0,0,1
652,1,18.0,0,1,2.3378168478260903,1,0,0,1,0,0,0,1
653,0,21.0,0,0,-5.2422501018329974,0,1,0,0,1,0,0,1
654,1,21.5,0,0,-5.846350101832996,1,0,0,0,1,0,1,0
655,0,18.0,0,0,-6.925550101832997,1,0,0,0,1,0,1,0
656,0,24.0,2,0,52.83781684782609,0,1,0,1,0,0,0,1
657,0,25.0,0,0,-5.779750101832996,0,1,0,0,1,0,0,1
658,0,32.0,1,1,1.8244498981670034,1,0,0,0,1,0,1,0
659,0,23.0,0,0,-7.66218315217391,0,1,0,1,0,0,0,1
660,0,58.0,0,2,29.120312500000082,0,1,1,0,0,1,0,0
661,1,50.0,2,0,49.49531250000008,0,1,1,0,0,0,0,1
662,0,40.0,0,0,-6.450550101832997,0,1,0,0,1,1,0,0
663,0,47.0,0,0,-58.567187499999925,0,1,1,0,0,0,0,1
664,0,36.0,0,0,-6.179750101832997,0,1,0,0,1,0,0,1
665,1,20.0,1,0,-5.750550101832997,0,1,0,0,1,0,0,1
666,0,32.0,2,0,52.83781684782609,0,1,0,1,0,0,0,1
667,0,25.0,0,0,-7.66218315217391,0,1,0,1,0,0,0,1
668,0,25.0,0,0,-5.900550101832996,0,1,0,0,1,0,0,1
669,0,43.0,0,0,-5.625550101832996,0,1,0,0,1,0,0,1
670,1,35.0,1,0,-32.15468749999992,1,0,1,0,0,0,0,1
671,1,40.0,1,1,18.33781684782609,1,0,0,1,0,0,0,1
672,0,31.0,1,0,-32.15468749999992,0,1,1,0,0,0,0,1
673,0,70.0,0,0,-10.16218315217391,0,1,0,1,0,0,0,1
674,1,31.0,0,0,-7.66218315217391,0,1,0,1,0,0,0,1
675,0,30.0,0,0,-20.66218315217391,0,1,0,1,0,0,0,1
676,0,18.0,0,0,-5.900550101832996,0,1,0,0,1,0,0,1
677,0,24.5,0,0,-5.625550101832996,0,1,0,0,1,0,0,1
678,1,18.0,0,0,-3.833850101832997,1,0,0,0,1,0,0,1
679,0,43.0,1,6,33.224449898167,1,0,0,0,1,0,0,1
680,1,36.0,0,1,428.1745125000001,0,1,1,0,0,1,0,0
681,0,21.5,0,0,-5.538050101832997,1,0,0,0,1,0,1,0
682,1,27.0,0,0,-7.425487499999917,0,1,1,0,0,1,0,0
683,0,20.0,0,0,-4.450550101832997,0,1,0,0,1,0,0,1
684,0,14.0,5,2,33.224449898167,0,1,0,0,1,0,0,1
685,0,60.0,1,1,18.33781684782609,0,1,0,1,0,0,0,1
686,0,25.0,1,2,20.91701684782609,0,1,0,1,0,1,0,0
687,0,14.0,4,1,26.011949898167003,0,1,0,0,1,0,0,1
688,0,19.0,0,0,-3.5047501018329967,0,1,0,0,1,0,0,1
689,0,18.0,0,0,-5.879750101832997,0,1,0,0,1,0,0,1
690,1,15.0,0,1,127.18281250000008,1,0,1,0,0,0,0,1
691,1,31.0,1,0,-27.154687499999923,0,1,1,0,0,0,0,1
692,1,4.0,0,1,-0.25885010183299606,1,0,0,0,1,1,0,0
693,1,25.0,0,0,42.820249898167006,0,1,0,0,1,0,0,1
694,0,25.0,0,0,-6.450550101832997,0,1,0,0,1,1,0,0
695,0,60.0,0,0,-57.604687499999926,0,1,1,0,0,0,0,1
696,0,52.0,0,0,-7.16218315217391,0,1,0,1,0,0,0,1
697,0,44.0,0,0,-5.625550101832996,0,1,0,0,1,0,0,1
698,1,21.5,0,0,-5.942250101832997,1,0,0,0,1,0,1,0
699,0,49.0,1,1,26.728612500000082,0,1,1,0,0,1,0,0
700,0,42.0,0,0,-6.025550101832996,0,1,0,0,1,0,0,1
701,1,18.0,1,0,143.37031250000007,1,0,1,0,0,1,0,0
702,1,35.0,0,0,-57.86718749999992,0,1,1,0,0,0,0,1
703,0,18.0,0,1,0.7786498981670036,1,0,0,0,1,1,0,0
704,0,25.0,0,0,-5.933850101832997,0,1,0,0,1,0,1,0
705,0,26.0,1,0,-5.821350101832997,0,1,0,0,1,0,0,1
706,0,39.0,0,0,5.33781684782609,0,1,0,1,0,0,0,1
707,1,45.0,0,0,-7.16218315217391,1,0,0,1,0,0,0,1
708,1,42.0,0,0,-57.86718749999992,0,1,1,0,0,0,0,1
709,1,22.0,0,0,67.39531250000009,1,0,1,0,0,0,0,1
710,1,25.0,1,1,1.5702498981670026,0,1,0,0,1,1,0,0
711,1,24.0,0,0,-34.650487499999926,1,0,1,0,0,1,0,0
712,0,40.0,0,0,-57.604687499999926,0,1,1,0,0,0,0,1
713,1,48.0,1,0,-32.15468749999992,0,1,1,0,0,0,0,1
714,0,29.0,0,0,-4.192250101832997,0,1,0,0,1,0,0,1
715,0,52.0,0,0,-7.66218315217391,0,1,0,1,0,0,0,1
716,0,19.0,0,0,-6.025550101832996,0,1,0,0,1,0,0,1
717,1,38.0,0,0,143.37031250000007,1,0,1,0,0,1,0,0
718,1,27.0,0,0,-10.16218315217391,1,0,0,1,0,0,0,1
719,0,25.0,0,0,1.8244498981670034,0,1,0,0,1,0,1,0
720,0,33.0,0,0,-5.900550101832996,0,1,0,0,1,0,0,1
721,1,6.0,0,1,12.33781684782609,1,0,0,1,0,0,0,1
722,0,17.0,1,0,-6.621350101832997,0,1,0,0,1,0,0,1
723,0,34.0,0,0,-7.66218315217391,0,1,0,1,0,0,0,1
724,0,50.0,0,0,-7.66218315217391,0,1,0,1,0,0,0,1
725,1,27.0,1,0,-31.054687499999922,0,1,1,0,0,0,0,1
726,0,20.0,0,0,-5.013050101832997,0,1,0,0,1,0,0,1
727,1,30.0,3,0,0.33781684782609034,1,0,0,1,0,0,0,1
728,1,21.5,0,0,-5.938050101832997,1,0,0,0,1,0,1,0
729,0,25.0,1,0,5.33781684782609,0,1,0,1,0,0,0,1
730,0,25.0,1,0,-5.750550101832997,1,0,0,0,1,0,0,1
731,1,29.0,0,0,127.18281250000008,1,0,1,0,0,0,0,1
732,0,11.0,0,0,5.111949898167005,0,1,0,0,1,1,0,0
733,0,30.0,0,0,-20.66218315217391,0,1,0,1,0,0,0,1
734,0,23.0,0,0,-7.66218315217391,0,1,0,1,0,0,0,1
735,0,23.0,0,0,-7.66218315217391,0,1,0,1,0,0,0,1
736,0,28.5,0,0,2.424449898167005,0,1,0,0,1,0,0,1
737,0,48.0,1,3,20.699449898167003,1,0,0,0,1,0,0,1
738,1,35.0,0,0,428.1745125000001,0,1,1,0,0,1,0,0
739,0,25.0,0,0,-5.779750101832996,0,1,0,0,1,0,0,1
740,0,25.0,0,0,-5.779750101832996,0,1,0,0,1,0,0,1
741,1,40.0,0,0,-54.15468749999992,0,1,1,0,0,0,0,1
742,0,36.0,1,0,-5.304687499999929,0,1,1,0,0,0,0,1
743,1,21.0,2,2,178.2203125000001,1,0,1,0,0,1,0,0
744,0,24.0,1,0,2.424449898167005,0,1,0,0,1,0,0,1
745,1,31.0,0,0,-5.750550101832997,0,1,0,0,1,0,0,1
746,0,70.0,1,1,-13.154687499999923,0,1,1,0,0,0,0,1
747,0,16.0,1,1,6.574449898167003,0,1,0,0,1,0,0,1
748,1,30.0,0,0,-7.66218315217391,1,0,0,1,0,0,0,1
749,0,19.0,1,0,-31.054687499999922,0,1,1,0,0,0,0,1
750,0,31.0,0,0,-5.925550101832997,0,1,0,0,1,0,1,0
751,1,4.0,1,1,2.3378168478260903,1,0,0,1,0,0,0,1
752,1,6.0,0,1,-1.200550101832997,0,1,0,0,1,0,0,1
753,0,33.0,0,0,-4.175550101832997,0,1,0,0,1,0,0,1
754,0,23.0,0,0,-5.779750101832996,0,1,0,0,1,0,0,1
755,1,48.0,1,2,44.33781684782609,1,0,0,1,0,0,0,1
756,1,0.67,1,1,-6.16218315217391,0,1,0,1,0,0,0,1
757,0,28.0,0,0,-5.879750101832997,0,1,0,0,1,0,0,1
758,0,18.0,0,0,-9.16218315217391,0,1,0,1,0,0,0,1
759,0,34.0,0,0,-5.625550101832996,0,1,0,0,1,0,0,1
760,1,33.0,0,0,2.3453125000000767,1,0,1,0,0,0,0,1
761,0,25.0,0,0,0.8244498981670034,0,1,0,0,1,0,0,1
762,0,41.0,0,0,-6.550550101832997,0,1,0,0,1,0,0,1
763,1,20.0,0,0,-6.446350101832997,0,1,0,0,1,1,0,0
764,1,36.0,1,2,35.84531250000008,1,0,1,0,0,0,0,1
765,0,16.0,0,0,-5.900550101832996,0,1,0,0,1,0,0,1
766,1,51.0,1,0,-6.196387499999929,1,0,1,0,0,0,0,1
767,0,40.0,0,0,-44.55468749999992,0,1,1,0,0,1,0,0
768,0,30.5,0,0,-5.925550101832997,1,0,0,0,1,0,1,0
769,0,25.0,1,0,10.474449898167002,0,1,0,0,1,0,1,0
770,0,32.0,0,0,-5.313050101832996,0,1,0,0,1,0,0,1
771,0,24.0,0,0,-4.175550101832997,0,1,0,0,1,0,0,1
772,0,48.0,0,0,-5.821350101832997,0,1,0,0,1,0,0,1
773,0,57.0,0,0,-10.16218315217391,1,0,0,1,0,0,0,1
774,0,25.0,0,0,-6.450550101832997,0,1,0,0,1,1,0,0
775,1,54.0,1,3,2.3378168478260903,1,0,0,1,0,0,0,1
776,0,18.0,0,0,-5.925550101832997,0,1,0,0,1,0,0,1
777,0,25.0,0,0,-5.925550101832997,0,1,0,0,1,0,1,0
778,1,5.0,0,0,-1.200550101832997,1,0,0,0,1,0,0,1
779,0,25.0,0,0,-5.938050101832997,0,1,0,0,1,0,1,0
780,1,43.0,0,1,127.18281250000008,1,0,1,0,0,0,0,1
781,1,13.0,0,0,-6.446350101832997,1,0,0,0,1,1,0,0
782,1,17.0,1,0,-27.154687499999923,1,0,1,0,0,0,0,1
783,0,29.0,0,0,-54.15468749999992,0,1,1,0,0,0,0,1
784,0,25.0,1,2,9.774449898167003,0,1,0,0,1,0,0,1
785,0,25.0,0,0,-6.625550101832997,0,1,0,0,1,0,0,1
786,0,25.0,0,0,-6.425550101832997,0,1,0,0,1,0,0,1
787,1,18.0,0,0,-6.179750101832997,1,0,0,0,1,0,0,1
788,0,8.0,4,1,15.449449898167003,0,1,0,0,1,0,1,0
789,1,1.0,1,2,6.899449898167003,0,1,0,0,1,0,0,1
790,0,46.0,0,0,-4.95468749999992,0,1,1,0,0,1,0,0
791,0,25.0,0,0,-5.925550101832997,0,1,0,0,1,0,1,0
792,0,16.0,0,0,5.33781684782609,0,1,0,1,0,0,0,1
793,0,21.5,8,2,55.874449898167,1,0,0,0,1,0,0,1
794,0,40.0,0,0,-53.458887499999925,0,1,1,0,0,1,0,0
795,0,25.0,0,0,-5.779750101832996,0,1,0,0,1,0,0,1
796,0,39.0,0,0,-7.66218315217391,0,1,0,1,0,0,0,1
797,1,49.0,0,0,-58.22548749999992,1,0,1,0,0,0,0,1
798,1,31.0,0,0,-4.9922501018329974,1,0,0,0,1,0,0,1
799,0,30.0,0,0,-6.446350101832997,0,1,0,0,1,1,0,0
800,0,30.0,1,1,10.474449898167002,1,0,0,0,1,0,0,1
801,0,34.0,0,0,-7.66218315217391,0,1,0,1,0,0,0,1
802,1,31.0,1,1,5.58781684782609,1,0,0,1,0,0,0,1
803,1,11.0,1,2,35.84531250000008,0,1,1,0,0,0,0,1
804,1,0.42,0,1,-5.158850101832996,0,1,0,0,1,1,0,0
805,1,27.0,0,0,-6.700550101832997,0,1,0,0,1,0,0,1
806,0,31.0,0,0,-5.900550101832996,0,1,0,0,1,0,0,1
807,0,39.0,0,0,-84.15468749999992,0,1,1,0,0,0,0,1
808,0,18.0,0,0,-5.900550101832996,1,0,0,0,1,0,0,1
809,0,39.0,0,0,-7.66218315217391,0,1,0,1,0,0,0,1
810,1,33.0,1,0,-31.054687499999922,1,0,1,0,0,0,0,1
811,0,26.0,0,0,-5.788050101832996,0,1,0,0,1,0,0,1
812,0,39.0,0,0,10.474449898167002,0,1,0,0,1,0,0,1
813,0,35.0,0,0,-10.16218315217391,0,1,0,1,0,0,0,1
814,0,6.0,4,2,17.599449898167002,1,0,0,0,1,0,0,1
815,0,30.5,0,0,-5.625550101832996,0,1,0,0,1,0,0,1
816,0,40.0,0,0,-84.15468749999992,0,1,1,0,0,0,0,1
817,0,23.0,0,0,-5.750550101832997,1,0,0,0,1,0,0,1
818,0,31.0,1,1,16.342016847826088,0,1,0,1,0,1,0,0
819,0,43.0,0,0,-7.225550101832996,0,1,0,0,1,0,0,1
820,0,10.0,3,2,14.224449898167002,0,1,0,0,1,0,0,1
821,1,52.0,1,1,9.345312500000077,1,0,1,0,0,0,0,1
822,1,27.0,0,0,-5.013050101832997,0,1,0,0,1,0,0,1
823,0,38.0,0,0,-84.15468749999992,0,1,1,0,0,0,0,1
824,1,27.0,0,1,-1.200550101832997,1,0,0,0,1,0,0,1
825,0,2.0,4,1,26.011949898167003,0,1,0,0,1,0,0,1
826,0,25.0,0,0,-6.725550101832996,0,1,0,0,1,0,1,0
827,0,25.0,0,0,42.820249898167006,0,1,0,0,1,0,0,1
828,1,1.0,0,2,16.342016847826088,0,1,0,1,0,1,0,0
829,1,25.0,0,0,-5.925550101832997,0,1,0,0,1,0,1,0
830,1,62.0,0,0,-4.154687499999923,1,0,1,0,0,0,0,0
831,1,15.0,1,0,0.7786498981670036,1,0,0,0,1,1,0,0
832,1,0.83,1,1,-1.9121831521739097,0,1,0,1,0,0,0,1
833,0,25.0,0,0,-6.446350101832997,0,1,0,0,1,1,0,0
834,0,23.0,0,0,-5.821350101832997,0,1,0,0,1,0,0,1
835,0,18.0,0,0,-5.375550101832996,0,1,0,0,1,0,0,1
836,1,39.0,1,1,-0.9963874999999263,1,0,1,0,0,1,0,0
837,0,21.0,0,0,-5.013050101832997,0,1,0,0,1,0,0,1
838,0,25.0,0,0,-5.625550101832996,0,1,0,0,1,0,0,1
839,1,32.0,0,0,42.820249898167006,0,1,0,0,1,0,0,1
840,1,40.0,0,0,-54.45468749999992,0,1,1,0,0,1,0,0
841,0,20.0,0,0,-5.750550101832997,0,1,0,0,1,0,0,1
842,0,16.0,0,0,-10.16218315217391,0,1,0,1,0,0,0,1
843,1,30.0,0,0,-53.15468749999992,1,0,1,0,0,1,0,0
844,0,34.5,0,0,-7.238050101832997,0,1,0,0,1,1,0,0
845,0,17.0,0,0,-5.013050101832997,0,1,0,0,1,0,0,1
846,0,42.0,0,0,-6.125550101832997,0,1,0,0,1,0,0,1
847,0,25.0,8,2,55.874449898167,0,1,0,0,1,0,0,1
848,0,35.0,0,0,-5.779750101832996,0,1,0,0,1,1,0,0
849,0,28.0,0,1,12.33781684782609,0,1,0,1,0,0,0,1
850,1,35.0,1,0,4.949512500000083,1,0,1,0,0,1,0,0
851,0,4.0,4,2,17.599449898167002,0,1,0,0,1,0,0,1
852,0,74.0,0,0,-5.900550101832996,0,1,0,0,1,0,0,1
853,0,9.0,1,1,1.5702498981670026,1,0,0,0,1,1,0,0
854,1,16.0,0,1,-44.754687499999925,1,0,1,0,0,0,0,1
855,0,44.0,1,0,5.33781684782609,1,0,0,1,0,0,0,1
856,1,18.0,0,1,-4.325550101832997,1,0,0,0,1,0,0,1
857,1,45.0,1,1,80.71201250000009,1,0,1,0,0,0,0,1
858,1,51.0,0,0,-57.604687499999926,0,1,1,0,0,0,0,1
859,1,24.0,0,3,5.582749898167002,1,0,0,0,1,1,0,0
860,0,25.0,0,0,-6.446350101832997,0,1,0,0,1,1,0,0
861,0,41.0,2,0,0.43274989816700327,0,1,0,0,1,0,0,1
862,0,21.0,1,0,-9.16218315217391,0,1,0,1,0,0,0,1
863,1,48.0,0,0,-58.22548749999992,1,0,1,0,0,0,0,1
864,0,21.5,8,2,55.874449898167,1,0,0,0,1,0,0,1
865,0,24.0,0,0,-7.66218315217391,0,1,0,1,0,0,0,1
866,1,42.0,0,0,-7.66218315217391,1,0,0,1,0,0,0,1
867,1,27.0,1,0,-6.80388315217391,1,0,0,1,0,1,0,0
868,0,31.0,0,0,-33.65888749999992,0,1,1,0,0,0,0,1
869,0,25.0,0,0,-4.175550101832997,0,1,0,0,1,0,0,1
870,1,4.0,1,1,-2.5422501018329964,0,1,0,0,1,0,0,1
871,0,26.0,0,0,-5.779750101832996,0,1,0,0,1,0,0,1
872,1,47.0,1,1,-31.60048749999992,1,0,1,0,0,0,0,1
873,0,33.0,0,0,-79.15468749999992,0,1,1,0,0,0,0,1
874,0,47.0,0,0,-4.675550101832997,0,1,0,0,1,0,0,1
875,1,28.0,1,0,3.3378168478260903,1,0,0,1,0,1,0,0
876,1,15.0,0,0,-6.450550101832997,1,0,0,0,1,1,0,0
877,0,20.0,0,0,-3.829750101832996,0,1,0,0,1,0,0,1
878,0,19.0,0,0,-5.779750101832996,0,1,0,0,1,0,0,1
879,0,25.0,0,0,-5.779750101832996,0,1,0,0,1,0,0,1
880,1,56.0,0,1,-0.9963874999999263,1,0,1,0,0,1,0,0
881,1,25.0,0,1,5.33781684782609,1,0,0,1,0,0,0,1
882,0,33.0,0,0,-5.779750101832996,0,1,0,0,1,0,0,1
883,0,22.0,0,0,-3.1588501018329964,1,0,0,0,1,0,0,1
884,0,28.0,0,0,-10.16218315217391,0,1,0,1,0,0,0,1
885,0,25.0,0,0,-6.625550101832997,0,1,0,0,1,0,0,1
886,0,39.0,0,5,15.449449898167003,1,0,0,0,1,0,1,0
887,0,27.0,0,0,-7.66218315217391,0,1,0,1,0,0,0,1
888,1,19.0,0,0,-54.15468749999992,1,0,1,0,0,0,0,1
889,0,21.5,1,2,9.774449898167003,1,0,0,0,1,0,0,1
890,1,26.0,0,0,-54.15468749999992,0,1,1,0,0,1,0,0
891,0,32.0,0,0,-5.925550101832997,0,1,0,0,1,0,1,0
